Metric,gate_30_pct,gate_40_pct,p_value,Significant
Retention_Day1,44.81879194630872,44.22827496757458,0.0755,False
Retention_Day7,19.020134228187917,18.200004396667328,0.0016,True
